{"cameraMode":{"drawMode":0,"name":"Shaded","section":"Shading Mode"},"sceneLighting":false,"audioPlay":false,"sceneViewState":{"showFog":true,"showMaterialUpdate":true,"showSkybox":true,"showFlares":true,"showImageEffects":true,"showParticleSystems":true},"in2DMode":false,"pivot":{"x":-2.115889072418213,"y":-0.08091919124126435,"z":95.0554428100586},"rotation":{"x":0.03864584490656853,"y":0.04255327582359314,"z":0.0016454631695523859,"w":-0.998345136642456},"size":20.679943084716798,"orthographic":false}